Top queries,Clicks,Impressions,CTR,Position
skinwise clinic by dr khushboo,181,386,46.89%,7.95
skinwise clinic by dr khushboo about,173,427,40.52%,11.04
skinwise clinic by dr khushboo appointment,172,426,40.38%,7.69
antidote fit,33,64,51.56%,1.03
antidote.fit,10,31,32.26%,1.06
dr vivek's skin and hair clinic,3,166,1.81%,8.54
"dr. pooja reddy skin & hair | transformation programs | nuowo hyderabad 
reviews",3,59,5.08%,4.08
iskins,2,131,1.53%,5.95
dr. pooja reddy skin & hair | transformation programs | nuowo hyderabad,2,63,3.17%,6.19
pinnacle health - skin & hair clinic | opg & cbct center gurugram,2,19,10.53%,2.53
dr pooja reddy dermatologist hyderabad,2,10,20%,10.6
avah skin and hair c,1,454,0.22%,10.72
calyx skin lab,1,380,0.26%,11.51
dr. keshav's skin hair & aesthetics hospital reviews,1,129,0.78%,10.96
glow up - skin & wellness clinic bengaluru,1,119,0.84%,9.29
"niya skin clinic | best skin & hair clinic in hastinapuram, hyderabad",1,111,0.9%,5.9
clariv aesthetics,1,107,0.93%,8.8
"skin miracle clinic. dr shah faisal- (mbbs, m.derma) new delhi",1,79,1.27%,7.22
vanitha child care & skin clinic,1,72,1.39%,6.5
"niya skin clinic | best skin & hair clinic in hastinapuram, hyderabad 
reviews",1,65,1.54%,3.18
dr tupe skin and hair clinic reviews,1,63,1.59%,9.65
forever living products ahmedabadrajkot ellisbridge,1,52,1.92%,8.67
tc: aesthetic & beauty studio new delhi reviews,1,49,2.04%,5.14
thaya spa,1,48,2.08%,6.79
dr. parvez skin and hair clinic reviews,1,47,2.13%,13.45
elantis aesthetics,1,44,2.27%,7.45
"symmetry dental & cosmetic clinic â€“ best dentist in gurgaon | invisalign, 
braces, rct, implants, dental clinic near me gurugram reviews",1,43,2.33%,11.67
green surgery hospital,1,40,2.5%,6.97
monk spa,1,40,2.5%,7.12
arvin clinic,1,38,2.63%,5
dr. neha vani reviews,1,38,2.63%,7.92
layers clinic - dilsukhnagar reviews,1,35,2.86%,4.23
bio revive by skin envy,1,33,3.03%,9.48
nirmala skin & hair clinic,1,31,3.23%,8.71
the bombay skin clinic bandra,1,31,3.23%,12.52
skinlovers clinic reviews,1,30,3.33%,3.77
heesha skin clinic,1,29,3.45%,4.86
"igraft hair transplant clinic in hyderabad erram manzil, banjara hills",1,28,3.57%,6.46
"ziur - skin, hair & laser clinic | laser hair reduction | best skin clinic 
bellandur, bengaluru | best hair clinic",1,27,3.7%,10.37
deeksha skin clinic,1,26,3.85%,5.65
"dr rajasekhar madala | best cosmetic and plastic surgeon in hyderabad | 
hair transplant doctor reviews",1,24,4.17%,11.42
asha dental and health care delhi,1,23,4.35%,4.48
dr showrya gadde reviews,1,23,4.35%,6.17
dr mugdha shinde,1,22,4.55%,9.14
dr pratima tupe,1,22,4.55%,11.64
diwi health studio,1,21,4.76%,4.81
vlcc dwarka sector 23,1,21,4.76%,5.05
"dr komal pahuja, skin specialist in dwarka, female/dermatologist in sector 
6, best laser hair removal/laser clinic in dwarka",1,21,4.76%,11.52
dr charisma skin clinic reviews,1,19,5.26%,4.79
"sarayu clinics | skin treatment clinic in delhi | facial plastic surgery in 
delhi new delhi",1,19,5.26%,7.95
derma hub clinic (dr azheel) ( skin | aesthetics | hair transplant ) reviews,1,19,5.26%,9.58
augustÃ© skin reviews,1,18,5.56%,7.39
zenith aesthetic care - hsr layout reviews,1,17,5.88%,3.18
c4u aesthetics hyderabad,1,17,5.88%,6.41
studio dentistry - a multispecialty dental clinic chennai,1,16,6.25%,7.75
skin miracle clinic okhla,1,16,6.25%,8.44
cradle of youth reviews,1,14,7.14%,7.36
"services offered by dr. pooja reddy skin & hair | transformation programs | 
nuowo hyderabad",1,13,7.69%,3
janak beauty rajouri garden,1,13,7.69%,10.62
zenith aesthetic care- arekere,1,12,8.33%,6.92
"dr. astha sharma- dermatologist in delhi, skin clinic, best skin doctor & 
skin specialist in janakpuri",1,11,9.09%,12.64
"derma pro center | dr. vilaksh jain | dr. radha mundhra jain | skin, hair, 
aesthetic and dermatosurgery clinic mumbai photos",1,9,11.11%,2.56
dentist near me,1,8,12.5%,4.75
kalp aesthetics and plastic surgery reviews,1,8,12.5%,7.38
veekay skin care clinic,1,8,12.5%,9.88
hair revive clinic (santosh nagar) reviews,1,7,14.29%,5
health and glow vijayanagar,1,7,14.29%,6
dna skin clinic,1,6,16.67%,17.83
shifa piles clinic reviews,1,5,20%,7
mirai skin & hair clinic,1,5,20%,12.2
best skin doctor near me,1,4,25%,1
dr meghana rane,1,4,25%,11.5
kiran gupta adarsh nagar,1,4,25%,12
neoskin madhapur,1,4,25%,12.75
dr rajesh pendlimari,1,4,25%,16
dr. kansaria's skin hair and laser clinic (dr.jayti b.kansaria),1,3,33.33%,12
"dermatologist near attapur, gudimalkapur, hyderabad",1,2,50%,1
hair transplant near me,1,2,50%,1
skin doctor basaveshwara nagar,1,2,50%,1
vaishnavi veerapaneni,1,2,50%,1.5
liposuction results,1,2,50%,5
dr radha mundhra,1,2,50%,6
"savi bindu homeopathy | homeopathy clinic in narayana nagar, bangalore | 
skin care, thyroid, pcos treatments",1,2,50%,9
derma hub attapur,1,1,100%,1
dermatologist in vile parle east,1,1,100%,1
ent doctors bangalore,1,1,100%,1
glow clonic,1,1,100%,1
good skin specialist near me,1,1,100%,1
hydra facial price near me,1,1,100%,1
hydrafacial mumbai,1,1,100%,1
pediatric ent specialist near me,1,1,100%,1
dentist in palam,1,1,100%,6
dr jay mehta ghatkopar review,1,1,100%,33
"skinwise clinic by dr khushboo | best dermatologist in bellandur, haralur, 
hsr layout, sarjapur, bengaluru",0,1589,0%,7.92
"services offered by skinwise clinic by dr khushboo | best dermatologist in 
bellandur, haralur, hsr layout, sarjapur, bengaluru",0,836,0%,7.29
"skinwise clinic by dr khushboo | best dermatologist in bellandur, haralur, 
hsr layout, sarjapur, bengaluru reviews",0,798,0%,7.03
"skinwise clinic by dr khushboo | best dermatologist in bellandur, haralur, 
hsr layout, sarjapur, bengaluru photos",0,795,0%,8
"skinwise clinic by dr khushboo | best dermatologist in bellandur, haralur, 
hsr layout, sarjapur, bengaluru by owner",0,768,0%,6.81
manipal clinics brookefield reviews,0,431,0%,9.39
dr. janet alexander castelino reviews,0,385,0%,10.92
looks hair and skin,0,334,0%,1
glow up - skin & wellness clinic bengaluru reviews,0,280,0%,5.81
rashmi skin and hair clinic,0,280,0%,11.36
rivo skin care clini,0,249,0%,10.16
nilan skin clinic,0,246,0%,6.93
sapphire hospital and research centre,0,222,0%,8.09
cosme skin and hair clinic,0,221,0%,12.29
kritash skin and aesthetic clinic,0,204,0%,9.61
dr. keshav's skin hair & aesthetics hospital,0,182,0%,12.11
dr.harsha's skin care & cosmetology center,0,181,0%,7.04
maya skin and hair studio,0,174,0%,11.76
calyx skin lab reviews,0,165,0%,6.87
venkateswara skin & cosmetic care clinic,0,158,0%,10.09
iskin clinic uttarahalli,0,156,0%,10.05
idha skin clinic jay,0,149,0%,7.46
skinomy,0,141,0%,12.97
aksh skin and hair clinic,0,137,0%,12.51
arshi skin and hair clinic - gachibowli reviews,0,133,0%,10.96
"ziur - skin, hair and laser clinic | laser hair reduction | best skin 
clinic bellandur, bengaluru | best hair clinic reviews",0,131,0%,11.5
anoos habsiguda reviews,0,129,0%,5.65
vaama clinic reviews,0,128,0%,8.69
"dant aarogyam microendodontic center and microscopic dental clinic 
ahmedabad reviews",0,128,0%,11.36
"revamp skin aesthetics: pmu, korean glow, peels, lasers, contouring, 
mesotherapy, fillers, botox and more in mumbai. reviews",0,126,0%,7.36
"cosmediq hair transplant and skin clinic in whitefield, bengaluru reviews",0,126,0%,11.99
dna skin clinic - whitefield bangalore,0,122,0%,8.47
iskin clinic ( uttarahalli),0,122,0%,9.95
s care cosmetics (rohit sachdeva),0,122,0%,9.95
zoh aesthetic clinic reviews,0,121,0%,7.32
posh dentistry,0,117,0%,9.08
lrk skinglow clinics & hair transplant center,0,115,0%,8.72
"dr. punam de - skin specialist in bhawanipur - hair specialist in gariahat 
kolkata",0,114,0%,8.21
"aksh skin & hair clinic | dr. praveen kumar (aiims) md dermatologist | skin 
specialist | hair expert | nail doctor in delhi reviews",0,112,0%,11.49
"vedanta super specialty centre | gastroenterologist in indiranagar, 
bengaluru",0,110,0%,10.15
anoos habsiguda,0,109,0%,8.6
dermalisa dermatology clinic reviews,0,107,0%,9.93
medaes reviews,0,106,0%,9.92
"viswasa skin & hair clinic - dermatology, trichology & cosmetic dermatology.",0,106,0%,11.05
cozmo blis,0,106,0%,12.33
sai snigdha skin & chest clinic,0,104,0%,9.83
cleo skin & hair clinic | kukatpally reviews,0,104,0%,10.4
kritash,0,104,0%,12.53
bliss clinic kilpauk,0,104,0%,13
viva skintech reviews,0,103,0%,10.8
aruna skin clinic,0,103,0%,12.63
"dna skin clinic - whitefield, bangalore",0,101,0%,8.11
healios cosmoderma,0,100,0%,9.91
ashok best healthcare jaipur,0,100,0%,12.06
treta derma,0,99,0%,5.25
maya skin and hair studio reviews,0,99,0%,8.39
provas dermatology,0,99,0%,13.86
rise skin & hair clinic,0,98,0%,10.24
animisha dermatology and skin surgery center,0,96,0%,7.97
dermosphere clinic reviews,0,94,0%,11.66
nyra aesthetics,0,93,0%,9.18
maynee cosmetology clinic nungambakkam,0,93,0%,10.99
"4 senses - skin , hair , e.n.t clinic ( dr ashwin , dr madhuri )",0,87,0%,7.78
krian healthcare (formerly dr.sudheendraâ€™s skin & hair clinic) bengaluru,0,87,0%,9.18
"skinspire clinic - skin & hair , laser, plastic surgery reviews",0,86,0%,6.65
dr. anita skinn clinic reviews,0,86,0%,6.98
beautiful lokhandwala,0,86,0%,7.35
kara skin and hair clinic,0,86,0%,7.69
derma sense: dermato,0,86,0%,9.63
kolors yelahanka,0,86,0%,11.27
vcare whitefield,0,86,0%,12.56
dermal bliss,0,85,0%,9.48
oliva yelahanka,0,85,0%,12.71
kaizen skin clinic reviews,0,84,0%,10.3
"dr.anand international hair transplant, laser and skin clinic hyderabad",0,84,0%,11.35
dr. harsha's ziva - skin & hair center.,0,83,0%,8.66
rakee skin and hair clinic,0,82,0%,12.17
dr ankita harijee reviews,0,81,0%,7.46
skin lovers clinic,0,80,0%,7.53
layers clinics | kukatpally hyderabad reviews,0,79,0%,7.71
skinovate aesthetic care,0,79,0%,11.15
dr sneha ray karmakar,0,79,0%,11.73
dr janet alexander castelino,0,79,0%,18.04
"skinovate aesthetic care - skin | laser | hair | slimming - banaswadi 
bengaluru reviews",0,78,0%,3.92
rise skin and hair clinic branch2,0,78,0%,7.18
"dna skin clinic - skin specialist in kalyan nagar, bangalore photos",0,77,0%,8.66
derma essence clinic kompally,0,77,0%,9.9
elixir advanced aesthetics,0,77,0%,10.53
dr dixit cosmetic dermatology reviews,0,76,0%,10.93
dr. rethvi's skin space,0,76,0%,12.49
kosmoderma hsr,0,76,0%,12.8
maynee chennai reviews,0,75,0%,7.17
ashraya skin and neuro clinic,0,75,0%,10.72
skin pride clinic delhi,0,75,0%,13.2
nova clinic maujpur,0,75,0%,13.59
"derma puritys - best dermatologist & skin care clinic mumbai for 
hydrafacial, filler & botox, prp, laser hair removal reviews",0,74,0%,8.74
ansh derma centre,0,74,0%,10.96
dr tupe skin and hair clinic,0,74,0%,12.16
dermalisa dermatology clinic,0,74,0%,12.77
wow aesthetics-best skin and hair clinic hyderabad,0,73,0%,6.97
samir dalal,0,73,0%,13.99
dermatologist near me,0,72,0%,5.12
maynee nungambakkam,0,72,0%,9.07
atharv skin and dental care,0,72,0%,11.4
rajbal skin clinic,0,72,0%,13.17
beeyens skin and laser clinic,0,72,0%,13.58
"arshi skin and hair clinic - hitec city - best dermatologist in hyderabad 
reviews",0,71,0%,4.35
dr dhyey shah,0,71,0%,11.11
myra skin & hair solutions reviews,0,71,0%,11.15
rethvi skin clinic,0,71,0%,13.73
rhinoplasty cost in mumbai,0,71,0%,78.25
dna skin clinic whitefield,0,70,0%,8.5
zoh aesthetic clinic,0,70,0%,10.09
"derma pro center | dr. vilaksh jain | dr. radha mundhra jain | skin, hair, 
aesthetic and dermatosurgery clinic mumbai",0,68,0%,2.69
anoos as rao nagar,0,68,0%,7.13
panemorfi aesthetic,0,68,0%,9.28
medlinks punjabi bagh,0,68,0%,10.75
ğ——ğ—¿.ğ—¡ğ—®ğ˜‡ğ—¶ğ—®'ğ˜€ ğ—¦ğ—¸ğ—¶ğ—» & ğ—›ğ—®ğ—¶ğ—¿ ğ—–ğ—¹ğ—¶ğ—»ğ—¶ğ—°,0,68,0%,11.68
"akera - dermatologist, skin & hair clinic - hrbr layout: laser hair 
removal, acne, prp, hairloss treatment bengaluru",0,67,0%,12.12
dr. anita skinn clinic,0,67,0%,12.96
aesthetic heart dermatology & cardiology clinic bengaluru,0,66,0%,9.42
feather touch jayanagar,0,65,0%,8.4
"nova skin and ortho clinic ( dr kajal sharma, dr nitin sharma)",0,65,0%,10.48
oliva skin and hair clinic yelahanka,0,65,0%,11.46
"dna skin clinic - whitefield, bangalore reviews",0,64,0%,6.34
vcare indiranagar,0,64,0%,11.03
layers kukatpally,0,63,0%,10.22
maynee reviews,0,63,0%,10.54
dr shireen furtado- ayana clinic,0,63,0%,11.41
sikara clinic reviews,0,62,0%,6.95
"sohum eye care centre, a unit of dr agarwals eye hospital reviews",0,62,0%,9.76
dr abhilash nali reviews,0,62,0%,10.66
bhoumik health care,0,62,0%,10.73
dr mamta dhayal,0,62,0%,11.21
raksha hospital kudlu,0,62,0%,11.76
kolors attapur,0,62,0%,13.05
vcare banjara hills,0,62,0%,14.53
nsfa academy,0,59,0%,9.15
feather touch aesthetic clinic & academy reviews,0,59,0%,9.2
jj wellness clinic,0,59,0%,13.59
skin affair clinic - dr srujana adabala reviews,0,58,0%,8.05
dermapod reviews,0,58,0%,8.95
manipal clinic aecs layout,0,58,0%,9.74
rashmi clinic basaveshwara nagar,0,58,0%,13.5
anoos kukatpally,0,57,0%,6.28
brunda specialist clinic,0,57,0%,7.63
dr k pratyushaâ€™s skinrx clinix hyderabad,0,57,0%,9.96
kesari surgery clinic reviews,0,57,0%,10.05
"dr sachin kolhe eye care | unit of dr agarwals eye hospital bhandup, 
bhandup west reviews",0,57,0%,11.75
dr shankila mittal reviews,0,57,0%,11.77
oliva pitampura,0,57,0%,12.61
feather touch clinic,0,57,0%,13.88
skinedge,0,56,0%,8.21
"viswasa skin & hair clinic - dermatology, trichology & cosmetic 
dermatology. reviews",0,56,0%,8.43
miss noora skin clinic,0,56,0%,9.75
cutis skin clinic | best skin specialist in andheri west mumbai reviews,0,56,0%,11.43
gagana speciality clinics,0,56,0%,12.23
vaama clinic,0,56,0%,13.39
anoos dilsukhnagar reviews,0,55,0%,5.4
skin stories clinic,0,55,0%,9.87
"shah dental clinic | invisalign clear aligner, dental clinic and implant 
centre, dentist, root canal treatment",0,54,0%,4.26
pearl clinic koramangala,0,54,0%,7.41
dr. shaik's dental clinic & implant center chennai reviews,0,54,0%,8.04
anoos dilsukhnagar,0,54,0%,8.13
ab skin clinic reviews,0,54,0%,8.91
omni dental and skin clinic,0,54,0%,9.98
"house of aesthetics - dr neha khuraana | best dermatologist skin doctor | 
best pigmentation & acne treatment delhi reviews",0,53,0%,11.96
dr.harsha's skin care & cosmetology center reviews,0,52,0%,5.6
ak dermacare & aesthetics reviews,0,52,0%,9.77
the monk spa,0,52,0%,10.15
surgecare super speciality hospital reviews,0,52,0%,11.42
skin sanctum clinic hyderabad,0,51,0%,8.65
vlcc malad,0,51,0%,11.96
melocare reviews,0,50,0%,7.92
dermal bliss skin & hair clinic bengaluru reviews,0,50,0%,8.12
"akera - dermatologist, skin & hair clinic - hrbr layout: laser hair 
removal, acne, prp, hairloss treatment bengaluru reviews",0,50,0%,10.06
facile clinic,0,50,0%,10.84
kaya sadashivanagar,0,50,0%,10.98
pooja dental clinic perambur,0,50,0%,11.6
rejuvea aesthetic clinic,0,50,0%,11.74
kiran skin clinic rohini,0,50,0%,12.54
kiran skin clinic nangloi,0,49,0%,7
amsha skin and hair clinic,0,49,0%,8.96
"grow and glow health care hebbal skin hair laser and cosmetic clinic 
pediatric childcare clinic reviews",0,49,0%,10.98
kevna beauty,0,49,0%,12.69
dr.uday's advanced skin hair and ent clinic bengaluru,0,48,0%,9.83
vcare malakpet,0,48,0%,11.98
"dr. aparna's skin, hair and laser clinic | amberpet hyderabad",0,48,0%,13.02
harsha clinic rr nagar,0,47,0%,7.96
shree trading co. | beauty product wholesaler,0,47,0%,9.36
derma hub clinic (dr azheel) ( skin | aesthetics | hair transplant ),0,47,0%,10.66
dr sneha ray karmakar reviews,0,47,0%,10.81
vtiara hair & skin clinic dermatologist in bangalore,0,47,0%,26.38
claris derma,0,46,0%,6.96
skinora skin & hair clinic,0,46,0%,7.61
kaya indiranagar reviews,0,46,0%,7.67
dermasure by dr dhyey shah ahmedabad reviews,0,46,0%,8.96
doctors hub - super speciality clinic reviews,0,46,0%,9.33
kesari surgery clinic,0,46,0%,9.57
"derma 360 skin, hair & laser clinic jubilee hills hyderabad",0,46,0%,9.74
avni dermatology and aesthetics reviews,0,46,0%,10.72
act aesthetics,0,46,0%,11.26
mirai skin clinic,0,46,0%,12.67
b the change by dr bansri mahadevia,0,46,0%,13.35
dermal bliss skin & hair clinic bengaluru,0,45,0%,7.69
advanced grohair & advanced gloskin - camac street kolkata reviews,0,45,0%,7.73
dr ashwiniâ€™s skin arc clinic reviews,0,45,0%,7.98
"skin stories skin & hair clinic | best dermatologist in chandanagar, 
hyderabad | skin specialists",0,45,0%,10.07
avant dermatology and aesthetics hyderabad,0,45,0%,11.27
"dr sachin kolhe eye care | unit of dr agarwals eye hospital bhandup, 
bhandup west",0,45,0%,12.22
subodha,0,45,0%,12.93
treta derma reviews,0,44,0%,5.48
dr ashwiniâ€™s skin arc clinic,0,44,0%,8.05
d white feather hair and skin clinic reviews,0,44,0%,8.16
dr. rajat kandhari reviews,0,44,0%,12.05
syed skin & hair cosmetology laser center,0,44,0%,12.23
sathyasree skin hair cosmetic & laser clinic,0,44,0%,12.27
cutisurg,0,44,0%,14.34
"clair skin clinic â€“ block f, delhi reviews",0,43,0%,8.72
kosmoplus plastic surgery hospital ahmedabad,0,43,0%,8.86
dr ashwini m shetty reviews,0,43,0%,8.91
bhoumik health care reviews,0,43,0%,10.23
aura skin & health clinic jaipur,0,43,0%,10.77
dr prashant puranik reviews,0,43,0%,10.88
avant skin clinic,0,43,0%,12.72
"5 elements - skin, hair, laser, cosmetology and slimming clinic bengaluru 
reviews",0,42,0%,4.1
maya medi spa reviews,0,42,0%,8.5
vcare malakpet reviews,0,42,0%,8.76
luxury skin and laser clinic bangalore â€“ skinnfit medspa,0,42,0%,9.67
dr. chahal aesthetic clinic reviews,0,42,0%,9.76
dr nidhi's family dental care,0,42,0%,12.9
rhinoplasty in mumbai,0,42,0%,94.76
avant dermatology and aesthetics hyderabad reviews,0,41,0%,5.15
the celebrity aesthetics - madhapur,0,41,0%,8.98
"cutiqure- dr. prashant's skin and hair transplant clinic i dr. prashant 
bharti i best skin specialist i dermatologist delhi",0,41,0%,9.12
osderm clinic,0,41,0%,9.76
mourya dental clinic - advanced aesthetic dentistry hyderabad reviews,0,41,0%,10
vcare gachibowli,0,41,0%,10.17
ra aesthetics & dermatology by dr rashmi shetty reviews,0,41,0%,11.61
"dr ritika shanmugam skin, hair and aesthetic clinic - best dermatologist in 
indiranagar, bangalore bengaluru",0,41,0%,12.46
dr youth clinic - skin & hair care - bangalore bengaluru reviews,0,40,0%,6.47
jey beauty and aesthetics reviews,0,40,0%,8.43
skin summit reviews,0,40,0%,10.25
manipal clinic brookefield,0,40,0%,11.18
zennara reviews,0,40,0%,11.3
eliixir skin & hair clinic,0,40,0%,11.9
divi speciality clinics - dermatology - gynaecology - pediatrics reviews,0,40,0%,12
dermiq clinic khajaguda,0,40,0%,18.15
aura skin care alwal,0,39,0%,6.54
nyra aesthetics reviews,0,39,0%,7.23
dr. harsha's ziva - skin & hair center. reviews,0,39,0%,7.31
"bansal skin clinic, skin specialist in delhi, dermatologist, botox, tattoo 
removal, laser hair removal",0,39,0%,7.51
dento smiles clinic,0,39,0%,8.95
"medlinks aesthetics: best skin & hair clinic in delhi | acne, chemical 
peel, co2 laser, hydrafacial, microneedling, facial",0,39,0%,10.13
"evoluer aesthetics ,",0,39,0%,10.26
aura aesthetics clinic bengaluru,0,39,0%,10.31
dr zeeâ€™s skinmed,0,39,0%,10.51
cutilyf,0,39,0%,10.69
skin sanctum,0,39,0%,10.9
dr arth koshia reviews,0,39,0%,11.9
ziva skin and hair clinic,0,39,0%,13.72
venus skin clinic chennai,0,39,0%,14.28
skulpt clinic,0,39,0%,15.05
brazilian butt lift pillow,0,39,0%,38.74
dr harsha ziva,0,38,0%,7
dr neha batra | best botox and dermal fillers in delhi new delhi reviews,0,38,0%,7.37
arvin clinix,0,38,0%,7.82
vcare gachibowli reviews,0,38,0%,8.11
the monk spa nallagandla,0,38,0%,8.13
skin stories chanda nagar,0,38,0%,9.26
naik skin clinic reviews,0,38,0%,9.42
dr m v chandramouli hyderabad reviews,0,38,0%,9.45
sparsha skin & hair clinic - skin care and hair care in bangalore,0,38,0%,10.16
clinicaderm,0,38,0%,10.47
ira skin and hair clinic kompally,0,38,0%,11.21
beauty world chennai,0,38,0%,13.21
dyu aesthetics,0,38,0%,13.74
a square multispeciality dental care,0,37,0%,6.43
image clinic lansdowne,0,37,0%,8.46
epidermcare skin clinic,0,37,0%,10.05
solface,0,37,0%,10.51
advaya skin clinic,0,37,0%,10.89
divi speciality clinics - dermatology - gynaecology - pediatrics,0,37,0%,11.49
dermapro clinic,0,37,0%,12.16
"venus skin clinic - dr.sharanya k, md dermatologist skin and hair clinic in 
chennai",0,37,0%,12.92
"vr clinic cosmetic-dental,skin and hair",0,36,0%,5.33
animisha dermatology and skin surgery center reviews,0,36,0%,6.69
halos dermatology | skin clinic in anna nagar | dermatologist in chennai,0,36,0%,8.97
vasavi skin and hair laser center bengaluru reviews,0,36,0%,11.31
nn derma,0,36,0%,11.64
beau monde healthcare,0,36,0%,11.67
dr seemaâ€™s skin care and laser center reviews,0,36,0%,12.14
dermiq khajaguda,0,36,0%,12.33
"dr. neha vani - best dermatologist, skin specialist in chennai",0,36,0%,13.69
anoos kukatpally reviews,0,35,0%,5.06
dr anup's health care center reviews,0,35,0%,6.29
"raksha emergency multi speciality hospital in vgp layout kudlu, bengaluru",0,35,0%,7.09
kaya clinic sadashivanagar reviews,0,35,0%,7.77
the brown aesthetic and hair transplant clinic reviews,0,35,0%,8.4
skye - skin & hair sciences clinics bengaluru,0,35,0%,9.77
dermasense,0,35,0%,13.11
anoos as rao nagar reviews,0,34,0%,5.21
dr. rethvi's skin space reviews,0,34,0%,9.29
skinora clinic,0,34,0%,9.35
metphi clinic reviews,0,34,0%,10.18
skin beliefs by dr.shifa sheikh,0,34,0%,10.65
royal pearl clinic reviews,0,34,0%,11.06
swetha skin & hair clinic,0,34,0%,12.09
kiran skin and maternity clinic,0,34,0%,12.15
"ziur - skin, hair and laser clinic | laser hair reduction | best skin 
clinic bellandur, bengaluru | best hair clinic",0,34,0%,12.21
vida skin and hair transplant clinic,0,34,0%,12.47
"evoluer aesthetics , banjara hills",0,33,0%,6.39
"excel hospital in delhi - dermatology, cosmetic & plastic surgery, 
ophthalmology, gynaecology & infertility new delhi",0,33,0%,8.24
vaibhav stores sanjay nagar,0,33,0%,8.36
sanjeevani cos derma,0,33,0%,9.48
shree annapurneshwari polyclinic,0,33,0%,9.64
raha derma,0,33,0%,9.79
makeup biography hsr layout,0,33,0%,9.82
ashok best healthcare jaipur reviews,0,33,0%,11.67
neo follicle hair transplant reviews,0,33,0%,11.82
kaya clinic cg road,0,33,0%,12.58
samanvi skin clinic reviews,0,33,0%,12.61
arshi skin and hair clinic,0,33,0%,21.79
"anoos a s rao nagar: laser hair removal, skin & hair treatments hyderabad 
reviews",0,32,0%,5.84
seva skin & child care centre by dr. ajay kumar gummalla visakhapatnam,0,32,0%,6.75
brightside bengaluru,0,32,0%,7
aura skin care secunderabad,0,32,0%,7.09
nilan skin clinic reviews,0,32,0%,7.41
theory of skin dermatology & aesthetics - dr.sanjana shivashankar reviews,0,32,0%,7.88
ccarewell skin laser hair clinic mumbai,0,32,0%,8.28
relive slimming and cosmetic clinic reviews,0,32,0%,9.06
ansh derma centre reviews,0,32,0%,9.28
rashmi skin and hair clinic reviews,0,32,0%,10.47
dr. dinesh raj skin and hair clinic,0,32,0%,10.53
be the change clinic,0,32,0%,10.59
vida skin and hair transplant clinic reviews,0,32,0%,10.88
dermasure ahmedabad,0,32,0%,11.72
kosmoderma hsr reviews,0,32,0%,13.19
skin specialist near me,0,31,0%,3.26
niya skin clinic,0,31,0%,6.68
indiraâ€™s lifecare clinic,0,31,0%,7.58
dr. radhika's skin and laser clinic,0,31,0%,7.65
the new body perfect & smile lounge - cosmetic clinic,0,31,0%,9.55
dermaville reviews,0,31,0%,9.71
dr swetha's cosmoderm centre reviews,0,31,0%,10.81
medicutis clinic reviews,0,31,0%,10.9
"dr rajasekhar madala | best cosmetic and plastic surgeon in hyderabad | 
hair transplant doctor",0,31,0%,11.19
uncover punjabi bagh,0,31,0%,11.74
skin point reviews,0,31,0%,11.77
venkateswara skin & cosmetic care clinic reviews,0,31,0%,11.87
studio vogue luxury salon & academy reviews,0,31,0%,12.06
rushcare hospital,0,31,0%,12.35
dr. neha vani,0,31,0%,12.48
nova skin clinic maujpur,0,31,0%,12.65
dr. jay mehta,0,31,0%,43.77
"derma pro center | dr. vilaksh jain | dr. radha mundhra jain | skin, hair, 
aesthetic and dermatosurgery clinic mumbai reviews",0,30,0%,2.07
limca skin clinic & academy reviews,0,30,0%,3.47
truly derma clinic - pitampura new delhi,0,30,0%,6.83
health and glow kammanahalli,0,30,0%,6.93
eternal radiance skin hair & aesthetics,0,30,0%,9
image clinic shakespeare sarani,0,30,0%,9.07
iskin clinic ( uttarahalli) reviews,0,30,0%,9.27
epidermcare skin clinic - dr pooja shrivastava,0,30,0%,9.57
dr. nelogi's glow skin hair & laser clinic mumbai,0,30,0%,10.27
nice clinic jaipur,0,30,0%,10.4
kolors attapur reviews,0,30,0%,10.5
"venus skin clinic - dr.sharanya k, md dermatologist skin and hair clinic in 
chennai reviews",0,30,0%,10.77
meraki aesthetics dermatology & cosmetology clinic bengaluru,0,30,0%,10.87
"dr tejansu dalal - dermatologist, cosmetologist and hair specialist photos",0,30,0%,10.93
"clinic dermatech nirman vihar, preet vihar reviews",0,30,0%,11.1
lrk skin,0,30,0%,11.27
"dr. punam de - skin specialist in bhawanipur - hair specialist in gariahat 
kolkata reviews",0,30,0%,11.57
aksh skin and hair clinic reviews,0,30,0%,11.7
cleo clinic kukatpally,0,30,0%,12.13
viva neuro & skin clinic,0,30,0%,12.8
"symmetry dental & cosmetic clinic â€“ best dentist in gurgaon | invisalign, 
braces, rct, implants, dental clinic near me gurugram",0,30,0%,14.1
dr dipanjali singh,0,30,0%,19.4
vlcc cg road,0,29,0%,7.72
kiran skin and maternity clinic reviews,0,29,0%,8.1
cutilyf reviews,0,29,0%,8.86
brightside clinic,0,29,0%,9.1
dr. syed ( dermatrico) best dermatologist in delhi new delhi,0,29,0%,9.55
"nyraa- skin, hair, aesthetic & scan center reviews",0,29,0%,9.79
"aura clinic by dr tapeshwar sehgal - center for cosmetic and plastic 
surgery new delhi",0,29,0%,10
dr surjit mehta - skin & hair specialist delhi,0,29,0%,10.07
kiran advanced skin hair and laser clinic reviews,0,29,0%,10.1
dr shahnoor,0,29,0%,10.17
priyadarshini skin clinic sahakar nagar,0,29,0%,10.79
kolors yelahanka reviews,0,29,0%,11.31
hk permanent makeup clinic reviews,0,29,0%,11.48
toothsi nungambakkam,0,29,0%,11.62
chandru ent clinic,0,29,0%,13.52
skin veda sanath nagar,0,29,0%,13.76
varchas wellness,0,29,0%,14.24
dr jay mehta,0,29,0%,42.28
"dr. haror's wellness - best dermatologist delhi ncr | hair fall - 
transplant & skin care clinic | lhr & weight loss treatment new delhi",0,28,0%,5.96
"dr.neti's skin hair and nail clinic - advanced laser center - panjagutta 
branch hyderabad",0,28,0%,6.11
diksha skin clinic dr. m. shashirekha photos,0,28,0%,6.21
looks studio hair transplant clinic | khar | mumbai khar west,0,28,0%,6.64
dr candy garg reviews,0,28,0%,6.96
"newlife surgery, global clinic & research. . new delhi",0,28,0%,7.46
evoluer aesthetics banjara hills,0,28,0%,8.14
dr sachin roy,0,28,0%,8.36
wellskin- the skin and laser clinic,0,28,0%,8.86
mahani skin clinic reviews,0,28,0%,9.11
"grow and glow health care hebbal skin hair laser and cosmetic clinic 
pediatric childcare clinic",0,28,0%,9.36
akshay skin clinic pragathi nagar,0,28,0%,9.86
kaya hrbr,0,28,0%,10.46
dr k pratyushaâ€™s skinrx clinix hyderabad reviews,0,28,0%,10.54
idha skin clinic jayanagar,0,28,0%,10.54
mzas skin aesthetic solutions,0,28,0%,10.54
rivo skin care clinic,0,28,0%,11.04
uncover clinic punjabi bagh,0,28,0%,11.82
ira skin and hair clinic alwal,0,28,0%,12.75
cradle of youth,0,28,0%,13.29
contura clinic,0,28,0%,24.14
22 luna clinic reviews,0,27,0%,4.26
anoos somajiguda,0,27,0%,6.41
dr zeeâ€™s skinmed reviews,0,27,0%,7.07
melocare green park,0,27,0%,7.59
bliss derma clinic | skin & hair clinic in paschim vihar new delhi,0,27,0%,7.89
reshine skin clinic reviews,0,27,0%,8.11
dr soumya soragavi,0,27,0%,8.81
brunda specialist clinic photos,0,27,0%,9.19
"assure clinic 7th cross, indiranagar reviews",0,27,0%,9.33
neoskin madhapur reviews,0,27,0%,9.44
"cutis hospital - skin hair nail magadi main road govindaraja nagar ward mc 
layout vijayanagar bengaluru karnataka",0,27,0%,9.67
goglo esthetics,0,27,0%,9.93
skinray reviews,0,27,0%,10.07
dr. reshma ahuja reviews,0,27,0%,10.26
isaac luxe bangalore,0,27,0%,10.93
"radiance skin and hair care | no.1 skin clinic | best dermatologist in 
chennai",0,27,0%,13.15
smileworks multispeciality dental studio,0,27,0%,13.44
kaya bandra,0,27,0%,13.96
"assure clinic 7th cross, indiranagar",0,27,0%,14.11
"aestheticq- skin & hair clinic in kolkata, laser hair removal, acne scar, 
prp, skin whitening, hair loss treatments kolkata",0,26,0%,3.46
skin pride clinic delhi reviews,0,26,0%,4.62
dr. showrya gadde dermatology and wellness reviews,0,26,0%,5.5
the eterne clinic reviews,0,26,0%,7.12
dr. radhika's skin and laser clinic reviews,0,26,0%,7.31
sapphire hospital jaipur,0,26,0%,7.81
skin scorre clinic reviews,0,26,0%,8.54
my clinic okhla,0,26,0%,8.69
dr sidaarth khera (ysl skin solutions) reviews,0,26,0%,9.15
dr. prafulla's skin and hair clinic reviews,0,26,0%,9.35
lk hospital | malkajgiri | best hospital in secunderabad reviews,0,26,0%,9.46
dr sculpt - dermatology and plastic surgery clinic reviews,0,26,0%,9.85
s care cosmetics (rohit sachdeva) reviews,0,26,0%,10.5
dr. utpal sheth,0,26,0%,11.5
feather touch aesthetic clinic & academy,0,26,0%,11.5
dr anand kumta,0,26,0%,11.88
relive slimming and cosmetic clinic,0,26,0%,12.58
goyal skin and hair clinic,0,26,0%,13.73
dr.mithra's skin and hair clinic,0,26,0%,14.12
"d-aesthetix â€“ best skin & hair clinic in keshav puram, delhi | skin 
specialist & hair prp treatment",0,25,0%,4.16
skin doctor near me,0,25,0%,4.72
dira clinic,0,25,0%,4.88
"5 elements - skin, hair, laser, cosmetology and slimming clinic bengaluru",0,25,0%,5.84
aesthetics skin & hair care clinic - chennai reviews,0,25,0%,6.44
nn derma reviews,0,25,0%,6.64
derma pro center mumbai,0,25,0%,7.4
dr vivek's skin and hair clinic reviews,0,25,0%,7.84
dr chinmai yerram,0,25,0%,8
klinik morphosis reviews,0,25,0%,8.2
"dr. madhu sudhan v - ent doctor | sinusitis | tonsillitis | nasal polyps | 
adenoids | dns | mastoiditis | fess |tympanoplasty bengaluru",0,25,0%,9
layers kondapur,0,25,0%,9.04
"vr clinic cosmetic-dental,skin and hair secunderabad",0,25,0%,9.28
aesthetica skintreats reviews,0,25,0%,9.68
labelle marredpally,0,25,0%,10.2
rsb wellness reviews,0,25,0%,10.64
dr. asha doshi reviews,0,25,0%,10.72
vcare as rao nagar,0,25,0%,11
varchas hospital,0,25,0%,11.04
neotis skin care clinic reviews,0,25,0%,11.08
dr sneha ray karmakar | best gynecologist in kolkata,0,25,0%,11.12
ravi corner,0,25,0%,11.32
d white feather hair and skin clinic,0,25,0%,11.52
dr showrya gadde,0,25,0%,11.64
halos clinic,0,25,0%,12
dr harsha skin care,0,25,0%,12.24
nishka skin clinic reviews,0,25,0%,12.28
sculpt the maxillofacial clinic,0,25,0%,13.56
kosmoderma jp nagar reviews,0,25,0%,17.44
anoos somajiguda reviews,0,24,0%,4.29
kaya sadashivanagar reviews,0,24,0%,5.12
surgiderma aesthetics skin hair. laser cosmetic surgery bengaluru,0,24,0%,6.12
orchid cosmetic clinics hyderabad reviews,0,24,0%,6.54
rscc - slimming | skin | hair | laser hyderabad reviews,0,24,0%,6.92
lrk skinglow clinics & hair transplant center reviews,0,24,0%,7
nilan skin clinic chennai,0,24,0%,7.17
angel luxury spaloon,0,24,0%,7.25
rise skin and hair clinic,0,24,0%,7.62
niya advanced skin and hair clinic,0,24,0%,7.83
skin lovers clinic delhi reviews,0,24,0%,7.96
eternal radiance clinic,0,24,0%,8.54
auguste skin bangalore,0,24,0%,9.54
carens healthcare,0,24,0%,9.71
skinosphere skin clinic,0,24,0%,9.71
rajashri grandhim hospital reviews,0,24,0%,10.12
toothsi near nungambakkam chennai,0,24,0%,10.42
reshine skin clinic,0,24,0%,10.96
the skin sensÃ©,0,24,0%,11
klarity skin clinic reviews,0,24,0%,11.08
"dr. aparna's skin, hair and laser clinic | amberpet hyderabad reviews",0,24,0%,11.62
kolors banjara hills reviews,0,24,0%,11.62
"akiya aesthetics: best dermatologist in noida | acne, prp, botox, 
hydrafacial in noida | best skin clinic in noida",0,24,0%,12.83
aveda khan market,0,24,0%,13.71
lrk skin clinic,0,24,0%,14.12
dr karishma aesthetics,0,24,0%,26.71
permanent makeup clinic in hyderabad,0,24,0%,46.08
kosmoderma skin & hair clinics rmv extension bengaluru reviews,0,23,0%,5.61
diksha skin clinic,0,23,0%,5.91
vanitha child care,0,23,0%,5.96
layers indiranagar,0,23,0%,6
skinserene clinic (dr.poojitha d s) bengaluru,0,23,0%,6
layers dilsukhnagar,0,23,0%,6.48
zenith aesthetic care - kammanhalli bengaluru reviews,0,23,0%,6.83
beautiful khar,0,23,0%,6.87
"evenly skin and hair clinic, hsr layout, bangalore: laser hair removal, 
acne, scar treatment, anti aging, gfc treatment bengaluru reviews",0,23,0%,7.74
dr ruchi's curefeel reviews,0,23,0%,8.04
vivaa wellness center,0,23,0%,8.22
"biowave healthcare - aesthetic equipment suppliers in delhi | diode laser | 
facial machine in delhi, india",0,23,0%,8.57
cosme skin and hair clinic reviews,0,23,0%,9
skinnics reviews,0,23,0%,9.22
dr madhuri agarwal reviews,0,23,0%,9.74
theory of skin dermatology & aesthetics - dr.sanjana shivashankar,0,23,0%,9.78
bio revive chennai,0,23,0%,10.26
clinicaderm reviews,0,23,0%,10.7
"oliva clinic dilsukhnagar: laser hair removal, acne, scar, prp, hair loss, 
skin whitening, weight loss treatments reviews",0,23,0%,10.7
skinscience clinic reviews,0,23,0%,11.13
clinic next face - banashankari,0,23,0%,11.52
"dr.nishantâ€™s skin, hair & laser clinic & dr.lavinaâ€™s homoeopathic clinic",0,23,0%,11.52
skin & cosmetic clinic . dr. vidya ts. reviews,0,23,0%,11.87
dr haror wellness rajouri garden,0,23,0%,12
kaya chembur,0,23,0%,12.3
vcare hair and skin clinic - as rao nagar reviews,0,22,0%,4.55
vanitha child care & skin clinic reviews,0,22,0%,6.45
wow aesthetics-best skin and hair clinic hyderabad reviews,0,22,0%,6.68
dr. vaishnaviâ€™s skin care & cosmetic clinic ahmedabad,0,22,0%,6.86
sapphire hospital and research centre reviews,0,22,0%,6.95
dna clinic whitefield,0,22,0%,7.14
skintis reviews,0,22,0%,8
varsity skin and wellness clinic reviews,0,22,0%,8.82
vcare whitefield reviews,0,22,0%,8.95
animisha,0,22,0%,9
sk truderma reviews,0,22,0%,9
dermea clinic reviews,0,22,0%,9.05
cutiqure,0,22,0%,9.36
avah skin and hair clinic khajaguda,0,22,0%,9.5
dermaqure reviews,0,22,0%,9.5
"vlcc beauty clinic ( alipore, kolkata ) reviews",0,22,0%,9.55
skin affairs vivekananda nagar kukatpally,0,22,0%,10
"dr. rohini r ent specialist kilpauk | sinus, allergy, vertigo, tinnitus, 
paediatric ent, voice disorders, ent surgeries,",0,22,0%,10.09
dermea clinic,0,22,0%,10.18
myodent,0,22,0%,10.23
dermiq skin and hair clinic khajaguda,0,22,0%,10.36
labelle ameerpet,0,22,0%,10.36
lucidum aesthetics,0,22,0%,10.41
skinchime,0,22,0%,10.64
skin scorre clinic,0,22,0%,10.77
reflectionz clinic reviews,0,22,0%,11
d white feather,0,22,0%,11.27
dermapod,0,22,0%,11.82
kaya kukatpally,0,22,0%,12.09
dr neha vani,0,22,0%,12.73
isaac luxe mumbai,0,22,0%,13.09
dr anuj saigal,0,22,0%,19.73
dadu medical centre,0,22,0%,35.41
nora spa dwarka,0,21,0%,2.67
dr haror wellness rajouri garden reviews,0,21,0%,6.57
skinora clinic reviews,0,21,0%,6.81
kritash skin and aesthetic clinic reviews,0,21,0%,7.24
"evoluer aesthetics , banjara hills reviews",0,21,0%,8.48
services offered by dr abhilash nali,0,21,0%,8.57
dr guru advanced skin & hair institute,0,21,0%,8.71
rushcare hospital reviews,0,21,0%,8.95
eternelle aesthetics reviews,0,21,0%,9.52
services offered by dr. keshav's skin hair & aesthetics hospital,0,21,0%,9.76
aura skin clinic jaipur,0,21,0%,9.81
dermasure by dr dhyey shah ahmedabad,0,21,0%,9.95
dr. saba ansari's glowskin clinic,0,21,0%,10.14
aesthetics skin & hair care clinic - chennai,0,21,0%,10.48
nishul skin care clinic,0,21,0%,10.67
avant dermatology clinic,0,21,0%,11
derma elite skin care clinic | dermatologist - dr. shilpa yk bengaluru,0,21,0%,11
tolasi,0,21,0%,11
akaya clinic,0,21,0%,11.43
looks studio hair transplant center | khar,0,21,0%,11.52
n m reddy skin and hair clinic,0,21,0%,11.86
"oliva clinic cg road, ahmedabad: laser hair removal, acne scar, skin 
whitening, prp, hair loss, hifu and fillers treatment ellisbridge reviews",0,21,0%,12
fle clinic,0,21,0%,12.29
ysl skin solutions,0,21,0%,12.62
cutis skin care clinic borivali,0,21,0%,12.67
tvacha clinic kaggadasapura,0,21,0%,14.48
layers clinic kukatpally,0,21,0%,15
dermosphere clinic,0,21,0%,22.57
hydrafacial in bandra,0,21,0%,46.24
layers clinics - indira nagar reviews,0,20,0%,3
rise skin and hair clinic branch2 reviews,0,20,0%,3.45
artistry clinics: skin and hair bengaluru reviews,0,20,0%,6
advance skincity,0,20,0%,6.9
aesthetic derm clinic,0,20,0%,7.05
vcare kondapur,0,20,0%,7.05
cozmo blis reviews,0,20,0%,7.1
vivek skin clinic,0,20,0%,8.4
health & glow - hsr layout 27th main,0,20,0%,8.55
tia clinic bangalore,0,20,0%,8.55
elan skin and hair clinic,0,20,0%,8.75
animisha dermatology,0,20,0%,8.85
rajbal skin clinic reviews,0,20,0%,9.25
dncc ahmedabad,0,20,0%,9.45
dyu aesthetics reviews,0,20,0%,9.45
cheveuderm,0,20,0%,9.85
harsha dermatologist rr nagar,0,20,0%,10.1
dr haror wellness preet vihar,0,20,0%,10.25
i skin clinic uttarahalli,0,20,0%,10.6
dr sculpt - dermatology and plastic surgery clinic,0,20,0%,10.8
new-u skin hair laser clinic mumbai,0,20,0%,10.85
dr. keshav's skin hair & aesthetics hospital bengaluru reviews,0,20,0%,10.9
"4 senses - skin , hair , e.n.t clinic ( dr ashwin , dr madhuri ) reviews",0,20,0%,11.65
cosmalife,0,20,0%,11.9
radianz clinic,0,20,0%,12.15
skinosphere,0,20,0%,12.25
richen skin,0,20,0%,12.3
hair o craft bangalore,0,20,0%,12.7
vedusha clinic,0,20,0%,12.8
dr anita skinn clinic,0,20,0%,14.35
viswasa hair and skin,0,20,0%,14.9
dr lipy gupta reviews,0,20,0%,26.35
hydrafacial treatment in bandra,0,20,0%,51.15
fine line clinic najafgarh,0,19,0%,5.11
celebrity aesthetics,0,19,0%,6.05
kaya powai reviews,0,19,0%,6.26
"snehvedic ayurveda cosmetology clinic, mumbai, laser hair reduction 
treatment, melasma, hair prp, chemical peels reviews",0,19,0%,6.42
akaya - health and wellness centre in jaipur,0,19,0%,6.47
dr charitha,0,19,0%,7.47
layers banjara hills,0,19,0%,7.74
jj wellness clinic reviews,0,19,0%,8.16
dr rajesh pendlimari reviews,0,19,0%,8.74
sunshine skin and hair clinic by dr. namrata ghai new delhi,0,19,0%,9
animisha dermatologist,0,19,0%,9.11
"truly permanent beauty clinic, gariahat, kolkata",0,19,0%,9.47
ayana clinic sahakar nagar,0,19,0%,9.58
kaya new bel road,0,19,0%,9.74
skin decor reviews,0,19,0%,9.84
dr pallavi chandna rohatgi reviews,0,19,0%,9.89
bliss clinic kilpauk reviews,0,19,0%,9.95
kosmoderma indiranagar reviews,0,19,0%,9.95
aryan skin & hair clinic visakhapatnam,0,19,0%,10.16
dr trusha's skinray clinic in maninagar,0,19,0%,10.16
"saanvi's laser ,skin and hair clinic reviews",0,19,0%,10.16
dr. shreeshailâ€™s aesthetics,0,19,0%,10.47
"aksh skin & hair clinic | dr. praveen kumar (aiims) md dermatologist | skin 
specialist | hair expert | nail doctor in delhi new delhi",0,19,0%,10.58
cutis skin clinic | best dermatologist in bandra west mumbai reviews,0,19,0%,10.58
hydrafacial near shanthala nagar,0,19,0%,10.58
zenil aesthetics,0,19,0%,10.79
avant dermatologist,0,19,0%,10.84
mahani skin clinic,0,19,0%,10.84
mahi clinic kilpauk reviews,0,19,0%,10.89
"kosmoderma luxe - skin, hair & body clinic in vittal mallya road",0,19,0%,11
dr. anand kumta reviews,0,19,0%,11.42
clinic dermatech hyderabad reviews,0,19,0%,11.47
"aayna clinic | best dermatology & aesthetics clinic in delhi | skin clinic 
in delhi | laser hair removal in delhi, ncr new delhi",0,19,0%,11.63
twacha skin clinic bangalore,0,19,0%,13.84
dr umang kothari,0,19,0%,26.16
laser hair removal treatment in indiranagar,0,19,0%,78.42
health and glow kasturi nagar,0,18,0%,5.17
"krian healthcare (formerly dr.sudheendraâ€™s skin & hair clinic) bengaluru 
reviews",0,18,0%,6.67
kaya new bel road reviews,0,18,0%,6.72
beautiful - lokhandwala,0,18,0%,6.89
rise skin and hair clinic vanasthalipuram,0,18,0%,7.28
health and glow commercial street,0,18,0%,7.72
the monk spa gachibowli,0,18,0%,7.72
nykaa luxe pitampura reviews,0,18,0%,7.94
skin avenue | dr chinmai yerram hyderabad,0,18,0%,8
aesthetic aura skin & hair clinic (jubilee hills),0,18,0%,8.06
dermatonik reviews,0,18,0%,8.11
sparha reviews,0,18,0%,8.33
"iskin clinic ( uttarahalli) - dr. abhiram rayapati, an advanced center for 
skin, hair, laser & hair transplantation.",0,18,0%,8.39
solface clinic,0,18,0%,8.39
misk salon,0,18,0%,8.44
aestheticaa by dr madhulika reviews,0,18,0%,8.5
jayanthi skin and cosmetic clinic,0,18,0%,9.39
jordan skin clinic,0,18,0%,9.67
krian healthcare,0,18,0%,9.67
dr. shubhra's skin & hair clinic,0,18,0%,10
dr.derm speciality skin and cosmetology clinic - indiranagar bengaluru,0,18,0%,10
"wellness clinic, dr minal thamke",0,18,0%,10.06
nice clinic jaipur reviews,0,18,0%,10.33
"dna skin clinic - skin specialist in kalyan nagar, bangalore reviews",0,18,0%,10.5
claro clinic reviews,0,18,0%,10.61
younique skin clinic,0,18,0%,10.61
the clinics - by surgeons house reviews,0,18,0%,10.83
"dr. amrika's aesthetics- cosmetic and plastic surgery center bengaluru 
reviews",0,18,0%,11.78
rashmi hair clinic,0,18,0%,12.22
jey beauty and aesthetics,0,18,0%,12.5
tvacha skin and cosmetology clinic,0,18,0%,12.5
eternelle aesthetics,0,18,0%,20.06
dr vishal chugh,0,18,0%,21.44
dr abhilash nali,0,18,0%,23.22
tummy tuck regrets,0,18,0%,56.28
zenith aesthetic care- arekere reviews,0,17,0%,3.71
thaya body spa care horamavu,0,17,0%,4.71
pachouli luxury aesthetics new delhi,0,17,0%,5.06
brightside bengaluru reviews,0,17,0%,5.35
dr poojitha ds,0,17,0%,6.12
kiran clinic nangloi,0,17,0%,6.47
dr vipin gupta eye care- consultant eye surgeon - max hospital delhi reviews,0,17,0%,6.71
skinomy reviews,0,17,0%,7
"derma 360 miyapur-advanced skin hair & laser clinic, acne i hair loss i 
pigmentation i prp i gfc madeenaguda",0,17,0%,7.35
dr.shahnoor ali khan - skincerely yours skin & hair clinic,0,17,0%,7.65
safayar hospital jaipur,0,17,0%,8.12
"revamp skin aesthetics: pmu, korean glow, peels, lasers, contouring, 
mesotherapy, fillers, botox & more in delhi. reviews",0,17,0%,8.35
dermacos dermatology and cosmetology clinic,0,17,0%,8.47
yuvanaa skin clinic reviews,0,17,0%,8.65
dermexperia reviews,0,17,0%,8.76
thera-world skin reviews,0,17,0%,8.88
kaya clinic - hrbr layout reviews,0,17,0%,9.06
samatha clinic,0,17,0%,9.06
aveda x nykaa lifestyle salon reviews,0,17,0%,9.12
reflection facethetics reviews,0,17,0%,9.18
chosen clinic,0,17,0%,9.24
dr. gambhir's dental reviews,0,17,0%,9.47
calyx skin lab indiranagar,0,17,0%,9.71
brunda ent,0,17,0%,10.06
janak the beauty shop,0,17,0%,10.29
kevna beauty reviews,0,17,0%,10.29
regrow clinic,0,17,0%,10.29
ira skin and hair clinic | kompally reviews,0,17,0%,10.59
sapphire hospital and research centre photos,0,17,0%,11.41
dermatopia,0,17,0%,11.59
dr. anand kumta,0,17,0%,11.71
mourya dental clinic barkatpura,0,17,0%,11.71
lejeune medspa,0,17,0%,11.76
snigdha skin clinic,0,17,0%,12.47
abhis skin and joint clinic,0,17,0%,12.65
eyeconic eye hospital,0,17,0%,12.76
derma glow skin hair & laser clinic hyderabad,0,17,0%,13.06
dr kiran gupta-dermavision-the skin clinic,0,17,0%,13.35
vtiara clinic new bel road,0,17,0%,13.35
skinnfit hydrafacial richmond road,0,17,0%,14.71
best facial clinic near shanthala nagar,0,17,0%,21.71
santosh bhatia,0,17,0%,23.41
astra super speciality hospital reviews,0,17,0%,26.65
health and glow kasturi nagar reviews,0,16,0%,4.5
dr suchita pathak,0,16,0%,6.31
beautiful santacruz,0,16,0%,6.38
dr mamta dhayal reviews,0,16,0%,6.62
niramay dental home,0,16,0%,6.75
the celebrity aesthetics,0,16,0%,6.94
"dr akshay skin, hair & laser clinic reviews",0,16,0%,7
skin sanctum clinic hyderabad reviews,0,16,0%,7.38
sanvi plastic surgery hospital,0,16,0%,7.5
kosmoplus plastic surgery hospital,0,16,0%,7.94
b the change clinic,0,16,0%,8.5
skinora skin clinic,0,16,0%,8.5
skye - skin & hair sciences clinics bengaluru reviews,0,16,0%,8.56
maira wellness clinic,0,16,0%,8.88
eternal radiance skin hair & aesthetics chennai,0,16,0%,8.94
omega clinics reviews,0,16,0%,8.94
fab aesthetics mumbai,0,16,0%,9
in my skin - aesthetic dermatology clinic,0,16,0%,9.06
ravi corner mansarover garden,0,16,0%,9.06
dermarise reviews,0,16,0%,9.12
kaya loudon street,0,16,0%,9.12
makeup biography - hsr layout,0,16,0%,9.44
stat care multispeciality dental clinic ahmedabad,0,16,0%,9.5
varchas clinic uttarahalli,0,16,0%,9.5
dr. david's dental care chennai,0,16,0%,9.62
skin point pai layout,0,16,0%,9.75
vrudhi skin center,0,16,0%,9.88
dr. saba ansari's glowskin clinic reviews,0,16,0%,10.38
omorfia aesthetic clinic,0,16,0%,10.44
clinic next face banashankari,0,16,0%,10.69
dr anuva bansal reviews,0,16,0%,11
eternoderm reviews,0,16,0%,11.06
services offered by calyx skin lab,0,16,0%,11.06
dr samatha clinic,0,16,0%,11.12
epiglow derma,0,16,0%,11.31
mahila bangle stores reviews,0,16,0%,11.56
gee vee beauty parlour,0,16,0%,11.62
"medfine hospital - laser piles, varicose veins - laparoscopy surgeries - 
orthopaedician & spine - gynecologist - gastroenterologist - urologist - 
ent - plastic surgery & dermatology",0,16,0%,11.62
dr. saba ansari's glowskin clinic photos,0,16,0%,11.81
showrya gadde,0,16,0%,12.06
hydrafacial treatment in richmond circle by skinnfit,0,16,0%,12.12
dr. rethvi's skin space photos,0,16,0%,12.19
"g skin & laser clinic, dr gunjan verma",0,16,0%,12.31
dr mona swamy,0,16,0%,12.5
dr. nitin kumar dev life line clinic (skin & hair prp gfc clinic ),0,16,0%,12.5
skinmax skin clinic,0,16,0%,12.5
limca skin clinic,0,16,0%,12.94
varsity skin & wellness clinic,0,16,0%,13
clinic dermatech hyderabad,0,16,0%,13.75
amintiri skin,0,16,0%,13.81
oliva clinic yelahanka,0,16,0%,14
skinesis clinique,0,16,0%,18.75
klarity skin clinic,0,16,0%,24.38
dr lipy gupta,0,16,0%,28.19
best facial clinic ashok nagar bengaluru,0,16,0%,34.25
rhinoplasty mumbai,0,16,0%,92.12
diwi health studio by dr. pinky rajpurohit new delhi reviews,0,15,0%,3
shree annapurneshwari polyclinic reviews,0,15,0%,4.47
"anoos a s rao nagar: laser hair removal, skin & hair treatments hyderabad",0,15,0%,5.27
iskins reviews,0,15,0%,5.4
"seoulful aesthetic clinic in koramangala | korean care clinic in bangalore 
bengaluru",0,15,0%,5.47
dermix skin hair clinic,0,15,0%,6.33
health and glow frazer town,0,15,0%,7.13
sathyasree skin hair cosmetic & laser clinic reviews,0,15,0%,7.33
archana wellness clinic reviews,0,15,0%,7.6
aruna skin clinic reviews,0,15,0%,7.8
dr renu tare,0,15,0%,7.8
bliss derma paschim vihar,0,15,0%,7.87
kaya phoenix mall,0,15,0%,7.87
ğ——ğ—¿.ğ—¡ğ—®ğ˜‡ğ—¶ğ—®'ğ˜€ ğ—¦ğ—¸ğ—¶ğ—» & ğ—›ğ—®ğ—¶ğ—¿ ğ—–ğ—¹ğ—¶ğ—»ğ—¶ğ—° reviews,0,15,0%,7.87
dolce vita cosmetic clinic,0,15,0%,8
epicorium skin clinic hsr layout bengaluru reviews,0,15,0%,8
angel spaloon,0,15,0%,8.4
vedusha aesthetic and wellness clinic new delhi reviews,0,15,0%,8.4
eligere hospital,0,15,0%,8.67
berkowits ballygunge,0,15,0%,9.07
sharva clinic reviews,0,15,0%,9.2
22 luna clinic,0,15,0%,9.27
zenith aesthetic care - kammanhalli bengaluru,0,15,0%,9.73
dr. vaibhavi trivedi,0,15,0%,9.87
dr. ashok's skin hair & laser clinic,0,15,0%,9.93
dr. raj's centre for skin and hair reviews,0,15,0%,9.93
dr.reeta tari,0,15,0%,9.93
vcare hair and skin clinic - malleshwaram reviews,0,15,0%,10.13
skinlab clinics by dr jamuna pai bengaluru reviews,0,15,0%,10.2
skinwood clinic,0,15,0%,10.2
"iskin clinic ( uttarahalli) - dr. abhiram rayapati, an advanced center for 
skin, hair, laser & hair transplantation. photos",0,15,0%,10.27
dr veena raoâ€™s aviva skin aesthetic bengaluru reviews,0,15,0%,10.47
services offered by augustÃ© skin,0,15,0%,10.8
dr anup's health care center,0,15,0%,11.2
"mohana skin, hair & aesthetic clinic",0,15,0%,11.2
dr. vijaya bhaskar mallela reviews,0,15,0%,11.4
"seva skin & child care centre by dr. ajay kumar gummalla visakhapatnam 
reviews",0,15,0%,11.4
nykaa luxe pitampura,0,15,0%,11.47
skinergize,0,15,0%,11.53
dr amrita hongal,0,15,0%,11.6
reyansh skin clinic,0,15,0%,11.67
skinologixs reviews,0,15,0%,11.73
ageless clinic lokhandwala,0,15,0%,11.87
skinray clinic ahmedabad,0,15,0%,12.2
maynee,0,15,0%,12.27
manipal clinics brookefield,0,15,0%,12.47
looks studio hyderabad,0,15,0%,13
majestic hair and skin clinic reviews,0,15,0%,15.13
sood aesthetics,0,15,0%,15.47
advanced grow hair and glow skin,0,15,0%,37.93
dr ritika,0,15,0%,42.93
skin concepts skin & hair clinic,0,14,0%,4.93
skinovations - rejuvenating aesthetics,0,14,0%,5.43
brunda specialist clinic reviews,0,14,0%,6
looks studio khar,0,14,0%,6.5
siri sanjana skin clinic,0,14,0%,6.64
vcare indiranagar reviews,0,14,0%,6.86
dr trusha's skinray clinic in maninagar reviews,0,14,0%,7.07
chandru ent-derma care reviews,0,14,0%,7.21
berkowits banaswadi,0,14,0%,7.71
aura skin clinic alwal,0,14,0%,8
"vr clinic cosmetic-dental,skin and hair secunderabad reviews",0,14,0%,8
"dr.anand international hair transplant, laser and skin clinic hyderabad 
reviews",0,14,0%,8.14
looks studio hair transplant clinic | khar | mumbai khar west reviews,0,14,0%,8.14
"skin stories skin & hair clinic | best dermatologist in chandanagar, 
hyderabad | skin specialists reviews",0,14,0%,8.21
"skinovate aesthetic care - skin | laser | hair | slimming - banaswadi 
bengaluru",0,14,0%,8.29
haircosmos international clinic jayanagar,0,14,0%,8.36
implant castle,0,14,0%,8.36
elite dental care and aesthetics secunderabad,0,14,0%,8.43
zennara clinic reviews,0,14,0%,8.57
younique skin clinic by dr. priyanka singh | gk new delhi,0,14,0%,8.64
"cutis international cosmetic clinics best hair transplant & skin care 
clinic in bengaluru",0,14,0%,8.71
vcare hair and skin clinic - as rao nagar,0,14,0%,8.71
skin med kilpauk reviews,0,14,0%,8.86
sculpt the maxillofacial clinic reviews,0,14,0%,9
varsity clinic malviya nagar,0,14,0%,9
v care as rao nagar,0,14,0%,9.36
soumya skin clinic mansoorabad,0,14,0%,9.5
dr harsha's ziva skin & hair center,0,14,0%,9.57
"aksh skin & hair clinic | dr. praveen kumar (aiims) md dermatologist | skin 
specialist | hair expert | nail doctor in delhi new delhi reviews",0,14,0%,9.79
derma 360 miyapur,0,14,0%,9.79
ballani skin aesthetics reviews,0,14,0%,9.86
services offered by feather touch aesthetic clinic & academy,0,14,0%,9.86
keraderm,0,14,0%,9.93
byzance dr dhara viral pandya,0,14,0%,10
the skin galaxy,0,14,0%,10
"dr ritika - best dermatologist in hal 2nd stage, indiranagar bengaluru",0,14,0%,10.07
provas - dermatology and medical cosmetology clinic,0,14,0%,10.07
dr.preethi skin clinic reviews,0,14,0%,10.21
dermarise,0,14,0%,10.29
"cd lush by clinic dermatech - best skin, body & hair clinic in safdarjung",0,14,0%,10.36
"dr shruti handa | cosmetic & plastic surgeon in delhi | rhinoplasty, 
facelift and eyelid surgeon in delhi new delhi reviews",0,14,0%,10.43
dr. divya jain reviews,0,14,0%,10.43
eudermiz reviews,0,14,0%,10.71
la grace luxury skin clinic,0,14,0%,10.86
vlcc behala chowrasta,0,14,0%,10.86
toothsi nungambakkam chennai,0,14,0%,10.93
my skin my health reviews,0,14,0%,11.14
dr ram skin hair & cosmetic clinic - dr ram tainwala (chincholi) mumbai,0,14,0%,11.36
pooja dental clinic perambur reviews,0,14,0%,11.5
shahnoor khan,0,14,0%,11.86
"skin theory clinic dermatology & aesthetics by dr. guruvani ravu hyderabad 
reviews",0,14,0%,11.86
harsha hospital kompally reviews,0,14,0%,11.93
19 beauty secrets,0,14,0%,12.07
dwhitefeather,0,14,0%,12.21
dr surjit mehta pitampura,0,14,0%,12.29
ruva skin clinic,0,14,0%,12.29